{
    "user_id": 1,
    "days": 7,
    "nutrition_limit_per_day": {
      "calories": 2000,
      "protein": 100,
      "fat": 70,
      "carbs": 250,
      "sodium": 34,
      "phosphorus": 63,
      "potassium": 22
    },
    "food_menus": [
        {
            "recipe_id": "1",
            "name": "ข้าวมันไก่",
            "nutrition": {
                "calories": 2000,
                "protein": 100,
                "fat": 70,
                "carbs": 250,
                "sodium": 34,
                "phosphorus": 63,
                "potassium": 22
            }
        },
        {
            "recipe_id": "2",
            "name": "ต้มยำกุ้ง",
            "nutrition": {
                "calories": 2000,
                "protein": 100,
                "fat": 70,
                "carbs": 250,
                "sodium": 34,
                "phosphorus": 63,
                "potassium": 22
            }
        }
    ]
} 